<?xml version="1.0" encoding="UTF-8"?>
<project-private xmlns="http://www.netbeans.org/ns/project-private/1">
    <editor-bookmarks xmlns="http://www.netbeans.org/ns/editor-bookmarks/2" lastBookmarkId="0"/>
    <open-files xmlns="http://www.netbeans.org/ns/projectui-open-files/2">
        <group>
            <file>file:/home/lotharius16/GITS/Control_De_Temperatura/CONTROLADOR_TEMPERATURA.X/nbproject/Makefile-impl.mk</file>
            <file>file:/home/lotharius16/GITS/Control_De_Temperatura/CONTROLADOR_TEMPERATURA.X/MPLABXproject/18f25k50_znobldr.lkr</file>
            <file>file:/home/lotharius16/GITS/Control_De_Temperatura/CONTROLADOR_TEMPERATURA.X/TEMPMAIN.ASM</file>
        </group>
    </open-files>
</project-private>
